{"pos": [96.05907513241247, 288.6975706837401, 83.25], "tracks": [[[38, 299], [38, 297]], [[38, 297], [38, 292]], [[38, 292], [38, 285]], [[38, 285], [38, 275]], [[38, 275], [38, 263]], [[38, 263], [38, 251]], [[38, 251], [38, 239]], [[38, 239], [39, 227]], [[39, 227], [41, 217]], [[41, 217], [42, 210]], [[42, 210], [43, 205]], [[43, 205], [44, 202]], [[44, 202], [44, 201]], [[44, 201], [44, 200]], [[44, 200], [43, 199]], [[43, 199], [43, 198]], [[43, 198], [43, 197]], [[43, 197], [42, 197]], [[42, 197], [42, 196]], [[42, 196], [42, 194]], [[42, 194], [42, 190]], [[42, 190], [43, 186]], [[43, 186], [45, 181]], [[45, 181], [47, 176]], [[47, 176], [48, 172]], [[48, 172], [49, 167]], [[49, 167], [51, 162]], [[51, 162], [53, 159]], [[53, 159], [56, 153]], [[56, 153], [58, 149]], [[58, 149], [60, 144]], [[60, 144], [62, 140]], [[62, 140], [65, 136]], [[65, 136], [66, 134]], [[66, 134], [68, 130]], [[68, 130], [69, 129]], [[69, 129], [71, 126]], [[71, 126], [72, 124]], [[72, 124], [74, 122]], [[74, 122], [75, 120]], [[75, 120], [76, 119]], [[76, 119], [78, 117]], [[78, 117], [81, 112]], [[81, 112], [83, 110]], [[83, 110], [86, 107]], [[86, 107], [90, 103]], [[90, 103], [94, 98]], [[94, 98], [99, 95]], [[99, 95], [106, 90]], [[106, 90], [112, 87]], [[112, 87], [124, 80]], [[124, 80], [128, 78]], [[128, 78], [140, 73]], [[140, 73], [145, 71]], [[145, 71], [159, 66]], [[159, 66], [166, 64]], [[166, 64], [177, 60]], [[177, 60], [184, 58]], [[184, 58], [188, 57]], [[188, 57], [190, 57]], [[190, 57], [195, 56]], [[195, 56], [202, 55]], [[202, 55], [213, 53]], [[213, 53], [226, 52]], [[226, 52], [244, 51]], [[244, 51], [248, 50]], [[248, 50], [259, 49]], [[259, 49], [265, 49]], [[265, 49], [266, 49]], [[266, 49], [271, 47]], [[271, 47], [279, 44]], [[279, 44], [295, 39]], [[295, 39], [304, 38]], [[304, 38], [320, 35]], [[320, 35], [335, 33]], [[335, 33], [348, 33]], [[348, 33], [357, 32]], [[357, 32], [364, 32]], [[364, 32], [370, 32]], [[370, 32], [374, 32]], [[374, 32], [375, 32]], [[375, 32], [378, 31]], [[378, 31], [386, 30]], [[386, 30], [399, 29]], [[399, 29], [422, 27]], [[422, 27], [448, 26]], [[448, 26], [471, 26]], [[471, 26], [492, 26]], [[492, 26], [506, 27]], [[506, 27], [511, 28]], [[511, 28], [513, 28]], [[513, 28], [519, 29]], [[519, 29], [530, 31]], [[530, 31], [538, 35]], [[538, 35], [553, 45]], [[553, 45], [566, 53]], [[566, 53], [578, 59]], [[578, 59], [587, 62]], [[587, 62], [595, 64]], [[595, 64], [600, 64]], [[600, 64], [601, 64]], [[601, 64], [605, 64]], [[605, 64], [612, 64]], [[612, 64], [619, 65]], [[619, 65], [631, 69]], [[631, 69], [651, 82]], [[651, 82], [657, 87]], [[657, 87], [668, 96]], [[668, 96], [671, 100]], [[671, 100], [675, 104]], [[675, 104], [676, 105]], [[676, 105], [677, 106]], [[677, 106], [679, 107]], [[679, 107], [682, 111]], [[682, 111], [689, 121]], [[689, 121], [698, 135]], [[698, 135], [707, 152]], [[707, 152], [714, 166]], [[714, 166], [719, 177]], [[719, 177], [722, 185]], [[722, 185], [723, 190]], [[723, 190], [724, 193]], [[724, 193], [727, 198]], [[727, 198], [730, 207]], [[730, 207], [734, 219]], [[734, 219], [739, 233]], [[739, 233], [743, 247]], [[743, 247], [745, 256]], [[745, 256], [746, 263]], [[746, 263], [746, 269]], [[746, 269], [744, 276]], [[744, 276], [744, 277]], [[744, 277], [744, 280]], [[744, 280], [744, 285]], [[744, 285], [745, 295]], [[745, 295], [745, 308]], [[745, 308], [746, 327]], [[746, 327], [746, 339]], [[746, 339], [747, 347]], [[747, 347], [747, 354]], [[747, 354], [746, 360]], [[746, 360], [745, 365]], [[745, 365], [743, 372]], [[743, 372], [741, 375]], [[741, 375], [738, 380]], [[738, 380], [737, 382]], [[737, 382], [737, 384]], [[737, 384], [736, 392]], [[736, 392], [736, 401]], [[736, 401], [735, 413]], [[735, 413], [735, 418]], [[735, 418], [735, 428]], [[735, 428], [735, 432]], [[735, 432], [735, 441]], [[735, 441], [734, 445]], [[734, 445], [732, 451]], [[732, 451], [728, 456]], [[728, 456], [722, 464]], [[722, 464], [714, 474]], [[714, 474], [704, 486]], [[704, 486], [692, 502]], [[692, 502], [686, 509]], [[686, 509], [676, 518]], [[676, 518], [669, 523]], [[669, 523], [667, 523]], [[667, 523], [657, 523]], [[657, 523], [635, 525]], [[635, 525], [612, 528]], [[612, 528], [585, 532]], [[585, 532], [557, 536]], [[557, 536], [539, 539]], [[539, 539], [528, 541]], [[528, 541], [519, 542]], [[519, 542], [515, 543]], [[515, 543], [513, 543]], [[513, 543], [510, 543]], [[510, 543], [502, 543]], [[502, 543], [481, 543]], [[481, 543], [454, 543]], [[454, 543], [411, 543]], [[411, 543], [401, 543]], [[401, 543], [381, 543]], [[381, 543], [366, 543]], [[366, 543], [354, 543]], [[354, 543], [348, 543]], [[348, 543], [332, 541]], [[332, 541], [311, 538]], [[311, 538], [285, 533]], [[285, 533], [261, 528]], [[261, 528], [244, 524]], [[244, 524], [231, 520]], [[231, 520], [222, 516]], [[222, 516], [215, 513]], [[215, 513], [214, 512]], [[214, 512], [207, 508]], [[207, 508], [191, 498]], [[191, 498], [167, 484]], [[167, 484], [145, 470]], [[145, 470], [112, 448]], [[112, 448], [104, 442]], [[104, 442], [99, 439]], [[99, 439], [98, 438]], [[98, 438], [98, 437]], [[98, 437], [98, 434]], [[98, 434], [93, 421]], [[93, 421], [87, 413]], [[87, 413], [72, 393]], [[72, 393], [66, 385]], [[66, 385], [55, 372]], [[55, 372], [48, 362]], [[48, 362], [42, 356]], [[42, 356], [42, 355]], [[42, 355], [42, 353]], [[42, 353], [42, 348]], [[42, 348], [42, 342]], [[42, 342], [41, 336]], [[41, 336], [40, 332]], [[40, 332], [37, 327]], [[37, 327], [35, 324]], [[35, 324], [34, 321]], [[34, 321], [33, 318]], [[33, 318], [33, 315]], [[33, 315], [33, 313]], [[33, 313], [33, 311]], [[33, 311], [33, 309]], [[33, 309], [33, 307]], [[33, 307], [33, 306]], [[33, 306], [33, 304]], [[33, 304], [33, 302]], [[33, 302], [33, 300]], [[33, 300], [33, 299]], [[33, 299], [33, 298]], [[33, 298], [33, 297]], [[33, 297], [33, 296]], [[33, 296], [33, 295]], [[33, 295], [33, 294]], [[156, 301], [156, 300]], [[156, 300], [156, 299]], [[156, 299], [156, 297]], [[156, 297], [156, 295]], [[156, 295], [156, 293]], [[156, 293], [156, 290]], [[156, 290], [156, 289]], [[156, 289], [156, 287]], [[156, 287], [156, 285]], [[156, 285], [156, 281]], [[156, 281], [155, 276]], [[155, 276], [154, 269]], [[154, 269], [153, 262]], [[153, 262], [152, 253]], [[152, 253], [152, 243]], [[152, 243], [152, 232]], [[152, 232], [152, 223]], [[152, 223], [152, 216]], [[152, 216], [152, 210]], [[152, 210], [153, 205]], [[153, 205], [153, 204]], [[153, 204], [154, 204]], [[154, 204], [154, 203]], [[154, 203], [157, 200]], [[157, 200], [161, 196]], [[161, 196], [168, 190]], [[168, 190], [176, 185]], [[176, 185], [191, 178]], [[191, 178], [199, 174]], [[199, 174], [208, 168]], [[208, 168], [213, 164]], [[213, 164], [216, 162]], [[216, 162], [217, 160]], [[217, 160], [219, 158]], [[219, 158], [220, 158]], [[220, 158], [220, 157]], [[220, 157], [224, 155]], [[224, 155], [232, 152]], [[232, 152], [236, 151]], [[236, 151], [243, 149]], [[243, 149], [251, 145]], [[251, 145], [263, 140]], [[263, 140], [269, 139]], [[269, 139], [280, 136]], [[280, 136], [283, 135]], [[283, 135], [289, 133]], [[289, 133], [292, 132]], [[292, 132], [293, 130]], [[293, 130], [294, 130]], [[294, 130], [296, 130]], [[296, 130], [301, 130]], [[301, 130], [310, 130]], [[310, 130], [325, 130]], [[325, 130], [344, 130]], [[344, 130], [363, 130]], [[363, 130], [370, 130]], [[370, 130], [379, 130]], [[379, 130], [383, 130]], [[383, 130], [384, 130]], [[384, 130], [388, 130]], [[388, 130], [396, 130]], [[396, 130], [404, 129]], [[404, 129], [415, 129]], [[415, 129], [429, 128]], [[429, 128], [441, 127]], [[441, 127], [452, 124]], [[452, 124], [458, 122]], [[458, 122], [459, 122]], [[459, 122], [463, 122]], [[463, 122], [471, 124]], [[471, 124], [483, 126]], [[483, 126], [496, 130]], [[496, 130], [508, 134]], [[508, 134], [517, 138]], [[517, 138], [520, 139]], [[520, 139], [523, 140]], [[523, 140], [524, 141]], [[524, 141], [530, 141]], [[530, 141], [534, 141]], [[534, 141], [542, 143]], [[542, 